[{"model": "admin.logentry", "pk": 1, "fields": {"action_time": "2022-06-08T21:00:24.106Z", "user": 10, "content_type": 11, "object_id": "1", "object_repr": "красный (цвет: FF)", "action_flag": 1, "change_message": "[{\"added\": {}}]"}}, {"model": "admin.logentry", "pk": 2, "fields": {"action_time": "2022-06-08T21:00:46.105Z", "user": 10, "content_type": 9, "object_id": "1", "object_repr": "Соль граммы", "action_flag": 1, "change_message": "[{\"added\": {}}]"}}, {"model": "admin.logentry", "pk": 3, "fields": {"action_time": "2022-06-08T21:09:54.312Z", "user": 10, "content_type": 3, "object_id": "1", "object_repr": "Пастильё", "action_flag": 1, "change_message": "[{\"added\": {}}]"}}, {"model": "admin.logentry", "pk": 4, "fields": {"action_time": "2022-06-08T21:11:24.693Z", "user": 10, "content_type": 10, "object_id": "1", "object_repr": "Паста. Автор: Pablos", "action_flag": 1, "change_message": "[{\"added\": {}}, {\"added\": {\"name\": \"\\u0418\\u043d\\u0433\\u0440\\u0438\\u0434\\u0438\\u0435\\u043d\\u0442\", \"object\": \"1 \\u0421\\u043e\\u043b\\u044c \\u0433\\u0440\\u0430\\u043c\\u043c\\u044b\"}}]"}}, {"model": "admin.logentry", "pk": 5, "fields": {"action_time": "2022-06-16T10:07:21.582Z", "user": 10, "content_type": 9, "object_id": "2", "object_repr": "Говядина грамм", "action_flag": 1, "change_message": "[{\"added\": {}}]"}}, {"model": "admin.logentry", "pk": 6, "fields": {"action_time": "2022-06-16T10:09:03.803Z", "user": 10, "content_type": 3, "object_id": "1", "object_repr": "Pablos", "action_flag": 2, "change_message": "[{\"changed\": {\"fields\": [\"Name\", \"Permissions\"]}}]"}}, {"model": "admin.logentry", "pk": 7, "fields": {"action_time": "2022-06-16T10:09:15.315Z", "user": 10, "content_type": 3, "object_id": "1", "object_repr": "Пабло", "action_flag": 2, "change_message": "[{\"changed\": {\"fields\": [\"Name\"]}}]"}}, {"model": "admin.logentry", "pk": 8, "fields": {"action_time": "2022-06-16T10:10:12.690Z", "user": 10, "content_type": 10, "object_id": "2", "object_repr": "Борщ с говядиной. Автор: Pablos", "action_flag": 1, "change_message": "[{\"added\": {}}, {\"added\": {\"name\": \"\\u0418\\u043d\\u0433\\u0440\\u0438\\u0434\\u0438\\u0435\\u043d\\u0442\", \"object\": \"500 \\u0413\\u043e\\u0432\\u044f\\u0434\\u0438\\u043d\\u0430 \\u0433\\u0440\\u0430\\u043c\\u043c\"}}, {\"added\": {\"name\": \"\\u0418\\u043d\\u0433\\u0440\\u0438\\u0434\\u0438\\u0435\\u043d\\u0442\", \"object\": \"2 \\u0421\\u043e\\u043b\\u044c \\u0433\\u0440\\u0430\\u043c\\u043c\\u044b\"}}]"}}, {"model": "admin.logentry", "pk": 9, "fields": {"action_time": "2022-06-16T10:16:42.119Z", "user": 10, "content_type": 9, "object_id": "3", "object_repr": "Спагетти грамм", "action_flag": 1, "change_message": "[{\"added\": {}}]"}}, {"model": "admin.logentry", "pk": 10, "fields": {"action_time": "2022-06-16T10:17:47.008Z", "user": 10, "content_type": 10, "object_id": "1", "object_repr": "Карбонара. Автор: Pablos", "action_flag": 2, "change_message": "[{\"changed\": {\"fields\": [\"\\u041d\\u0430\\u0437\\u0432\\u0430\\u043d\\u0438\\u0435 \\u0431\\u043b\\u044e\\u0434\\u0430\", \"\\u0412\\u0440\\u0435\\u043c\\u044f \\u043f\\u0440\\u0438\\u0433\\u043e\\u0442\\u043e\\u0432\\u043b\\u0435\\u043d\\u0438\\u044f\", \"\\u041e\\u043f\\u0438\\u0441\\u0430\\u043d\\u0438\\u0435 \\u0431\\u043b\\u044e\\u0434\\u0430\"]}}, {\"deleted\": {\"name\": \"\\u0418\\u043d\\u0433\\u0440\\u0438\\u0434\\u0438\\u0435\\u043d\\u0442\", \"object\": \"400 \\u0421\\u043f\\u0430\\u0433\\u0435\\u0442\\u0442\\u0438 \\u0433\\u0440\\u0430\\u043c\\u043c\"}}]"}}, {"model": "admin.logentry", "pk": 11, "fields": {"action_time": "2022-06-16T10:17:58.855Z", "user": 10, "content_type": 10, "object_id": "1", "object_repr": "Карбонара. Автор: Pablos", "action_flag": 2, "change_message": "[{\"changed\": {\"fields\": [\"\\u0418\\u0437\\u043e\\u0431\\u0440\\u0430\\u0436\\u0435\\u043d\\u0438\\u0435 \\u0431\\u043b\\u044e\\u0434\\u0430\"]}}]"}}, {"model": "admin.logentry", "pk": 12, "fields": {"action_time": "2022-06-16T10:18:07.064Z", "user": 10, "content_type": 10, "object_id": "1", "object_repr": "Карбонара. Автор: Pablos", "action_flag": 2, "change_message": "[{\"added\": {\"name\": \"\\u0418\\u043d\\u0433\\u0440\\u0438\\u0434\\u0438\\u0435\\u043d\\u0442\", \"object\": \"400 \\u0421\\u043f\\u0430\\u0433\\u0435\\u0442\\u0442\\u0438 \\u0433\\u0440\\u0430\\u043c\\u043c\"}}]"}}, {"model": "admin.logentry", "pk": 13, "fields": {"action_time": "2022-06-16T10:18:58.441Z", "user": 10, "content_type": 11, "object_id": "1", "object_repr": "Обед (цвет: FF0000)", "action_flag": 2, "change_message": "[{\"changed\": {\"fields\": [\"\\u0422\\u044d\\u0433\", \"\\u0426\\u0432\\u0435\\u0442\\u043e\\u0432\\u043e\\u0439 HEX-\\u043a\\u043e\\u0434\", \"\\u0421\\u043b\\u0430\\u0433 \\u0442\\u044d\\u0433\\u0430\"]}}]"}}, {"model": "admin.logentry", "pk": 14, "fields": {"action_time": "2022-06-16T10:19:47.891Z", "user": 10, "content_type": 11, "object_id": "2", "object_repr": "Ужин (цвет: FFFFE0)", "action_flag": 1, "change_message": "[{\"added\": {}}]"}}, {"model": "admin.logentry", "pk": 15, "fields": {"action_time": "2022-06-16T10:22:21.385Z", "user": 10, "content_type": 11, "object_id": "3", "object_repr": "Завтрак (цвет: FFE0FF)", "action_flag": 1, "change_message": "[{\"added\": {}}]"}}, {"model": "admin.logentry", "pk": 16, "fields": {"action_time": "2022-06-16T10:23:15.112Z", "user": 10, "content_type": 11, "object_id": "4", "object_repr": "Лёгкая Пища (цвет: E6E6FA)", "action_flag": 1, "change_message": "[{\"added\": {}}]"}}, {"model": "admin.logentry", "pk": 17, "fields": {"action_time": "2022-06-16T10:23:36.313Z", "user": 10, "content_type": 10, "object_id": "1", "object_repr": "Карбонара. Автор: Pablos", "action_flag": 2, "change_message": "[{\"changed\": {\"fields\": [\"\\u0422\\u0435\\u0433\"]}}]"}}, {"model": "admin.logentry", "pk": 18, "fields": {"action_time": "2022-06-16T10:23:41.081Z", "user": 10, "content_type": 10, "object_id": "2", "object_repr": "Борщ с говядиной. Автор: Pablos", "action_flag": 2, "change_message": "[]"}}, {"model": "admin.logentry", "pk": 19, "fields": {"action_time": "2022-06-16T10:24:52.217Z", "user": 10, "content_type": 10, "object_id": "1", "object_repr": "Карбонара. Автор: Pablos", "action_flag": 2, "change_message": "[{\"changed\": {\"fields\": [\"\\u0422\\u0435\\u0433\"]}}]"}}, {"model": "admin.logentry", "pk": 20, "fields": {"action_time": "2022-06-16T10:26:55.876Z", "user": 10, "content_type": 10, "object_id": "1", "object_repr": "Карбонара. Автор: Pablos", "action_flag": 2, "change_message": "[{\"changed\": {\"fields\": [\"\\u0422\\u0435\\u0433\"]}}]"}}, {"model": "admin.logentry", "pk": 21, "fields": {"action_time": "2022-06-16T10:26:58.987Z", "user": 10, "content_type": 10, "object_id": "1", "object_repr": "Карбонара. Автор: Pablos", "action_flag": 2, "change_message": "[]"}}, {"model": "admin.logentry", "pk": 22, "fields": {"action_time": "2022-06-16T10:27:53.259Z", "user": 10, "content_type": 9, "object_id": "4", "object_repr": "Рис грамм", "action_flag": 1, "change_message": "[{\"added\": {}}]"}}, {"model": "admin.logentry", "pk": 23, "fields": {"action_time": "2022-06-16T10:28:07.969Z", "user": 10, "content_type": 9, "object_id": "5", "object_repr": "Яблоки шт", "action_flag": 1, "change_message": "[{\"added\": {}}]"}}, {"model": "admin.logentry", "pk": 24, "fields": {"action_time": "2022-06-16T10:29:58.285Z", "user": 10, "content_type": 10, "object_id": "3", "object_repr": "Молочная рисовая каша с яблоками. Автор: Nes", "action_flag": 1, "change_message": "[{\"added\": {}}, {\"added\": {\"name\": \"\\u0418\\u043d\\u0433\\u0440\\u0438\\u0434\\u0438\\u0435\\u043d\\u0442\", \"object\": \"400 \\u0420\\u0438\\u0441 \\u0433\\u0440\\u0430\\u043c\\u043c\"}}, {\"added\": {\"name\": \"\\u0418\\u043d\\u0433\\u0440\\u0438\\u0434\\u0438\\u0435\\u043d\\u0442\", \"object\": \"2 \\u042f\\u0431\\u043b\\u043e\\u043a\\u0438 \\u0448\\u0442\"}}]"}}, {"model": "admin.logentry", "pk": 25, "fields": {"action_time": "2022-06-16T10:31:59.231Z", "user": 10, "content_type": 9, "object_id": "6", "object_repr": "Молоко охлажденное мл", "action_flag": 1, "change_message": "[{\"added\": {}}]"}}, {"model": "admin.logentry", "pk": 26, "fields": {"action_time": "2022-06-16T10:32:20.189Z", "user": 10, "content_type": 9, "object_id": "7", "object_repr": "Кофе эспрессо, мелкого помола, темной обжарки грамм", "action_flag": 1, "change_message": "[{\"added\": {}}]"}}, {"model": "admin.logentry", "pk": 27, "fields": {"action_time": "2022-06-16T10:35:18.825Z", "user": 10, "content_type": 10, "object_id": "4", "object_repr": "Капучино (Cappuccino). Автор: Nser", "action_flag": 1, "change_message": "[{\"added\": {}}, {\"added\": {\"name\": \"\\u0418\\u043d\\u0433\\u0440\\u0438\\u0434\\u0438\\u0435\\u043d\\u0442\", \"object\": \"15 \\u041a\\u043e\\u0444\\u0435 \\u044d\\u0441\\u043f\\u0440\\u0435\\u0441\\u0441\\u043e, \\u043c\\u0435\\u043b\\u043a\\u043e\\u0433\\u043e \\u043f\\u043e\\u043c\\u043e\\u043b\\u0430, \\u0442\\u0435\\u043c\\u043d\\u043e\\u0439 \\u043e\\u0431\\u0436\\u0430\\u0440\\u043a\\u0438 \\u0433\\u0440\\u0430\\u043c\\u043c\"}}, {\"added\": {\"name\": \"\\u0418\\u043d\\u0433\\u0440\\u0438\\u0434\\u0438\\u0435\\u043d\\u0442\", \"object\": \"200 \\u041c\\u043e\\u043b\\u043e\\u043a\\u043e \\u043e\\u0445\\u043b\\u0430\\u0436\\u0434\\u0435\\u043d\\u043d\\u043e\\u0435 \\u043c\\u043b\"}}]"}}, {"model": "admin.logentry", "pk": 28, "fields": {"action_time": "2022-06-16T10:37:00.880Z", "user": 10, "content_type": 9, "object_id": "8", "object_repr": "Свинина кг", "action_flag": 1, "change_message": "[{\"added\": {}}]"}}, {"model": "admin.logentry", "pk": 29, "fields": {"action_time": "2022-06-16T10:37:18.909Z", "user": 10, "content_type": 9, "object_id": "9", "object_repr": "Лук репчатый маленький шт", "action_flag": 1, "change_message": "[{\"added\": {}}]"}}, {"model": "admin.logentry", "pk": 30, "fields": {"action_time": "2022-06-16T10:37:42.289Z", "user": 10, "content_type": 9, "object_id": "10", "object_repr": "Перец молотый ч. л.", "action_flag": 1, "change_message": "[{\"added\": {}}]"}}, {"model": "admin.logentry", "pk": 31, "fields": {"action_time": "2022-06-16T10:41:36.134Z", "user": 10, "content_type": 10, "object_id": "5", "object_repr": "Шашлык из свинины. Автор: Nses", "action_flag": 1, "change_message": "[{\"added\": {}}, {\"added\": {\"name\": \"\\u0418\\u043d\\u0433\\u0440\\u0438\\u0434\\u0438\\u0435\\u043d\\u0442\", \"object\": \"2 \\u0421\\u0432\\u0438\\u043d\\u0438\\u043d\\u0430 \\u043a\\u0433\"}}, {\"added\": {\"name\": \"\\u0418\\u043d\\u0433\\u0440\\u0438\\u0434\\u0438\\u0435\\u043d\\u0442\", \"object\": \"2 \\u041f\\u0435\\u0440\\u0435\\u0446 \\u043c\\u043e\\u043b\\u043e\\u0442\\u044b\\u0439 \\u0447. \\u043b.\"}}]"}}, {"model": "admin.logentry", "pk": 32, "fields": {"action_time": "2022-06-16T10:42:32.722Z", "user": 10, "content_type": 11, "object_id": "4", "object_repr": "Лёгкая Пища (цвет: FFEFD5)", "action_flag": 2, "change_message": "[{\"changed\": {\"fields\": [\"\\u0426\\u0432\\u0435\\u0442\\u043e\\u0432\\u043e\\u0439 HEX-\\u043a\\u043e\\u0434\"]}}]"}}, {"model": "admin.logentry", "pk": 33, "fields": {"action_time": "2022-06-16T10:42:56.368Z", "user": 10, "content_type": 11, "object_id": "4", "object_repr": "Лёгкая Пища (цвет: FFDAB9)", "action_flag": 2, "change_message": "[{\"changed\": {\"fields\": [\"\\u0426\\u0432\\u0435\\u0442\\u043e\\u0432\\u043e\\u0439 HEX-\\u043a\\u043e\\u0434\"]}}]"}}, {"model": "admin.logentry", "pk": 34, "fields": {"action_time": "2022-06-16T10:43:28.694Z", "user": 10, "content_type": 11, "object_id": "4", "object_repr": "Лёгкая Пища (цвет: FFFF00)", "action_flag": 2, "change_message": "[{\"changed\": {\"fields\": [\"\\u0426\\u0432\\u0435\\u0442\\u043e\\u0432\\u043e\\u0439 HEX-\\u043a\\u043e\\u0434\"]}}]"}}, {"model": "admin.logentry", "pk": 35, "fields": {"action_time": "2022-06-16T10:44:02.463Z", "user": 10, "content_type": 11, "object_id": "3", "object_repr": "Завтрак (цвет: 20B2AA)", "action_flag": 2, "change_message": "[{\"changed\": {\"fields\": [\"\\u0426\\u0432\\u0435\\u0442\\u043e\\u0432\\u043e\\u0439 HEX-\\u043a\\u043e\\u0434\"]}}]"}}, {"model": "admin.logentry", "pk": 36, "fields": {"action_time": "2022-06-18T09:02:50.654Z", "user": 10, "content_type": 9, "object_id": "11", "object_repr": "Какао-порошок грамм", "action_flag": 1, "change_message": "[{\"added\": {}}]"}}, {"model": "admin.logentry", "pk": 37, "fields": {"action_time": "2022-06-18T09:03:18.414Z", "user": 10, "content_type": 10, "object_id": "6", "object_repr": "Шоколадное печенье. Автор: adminesrus", "action_flag": 1, "change_message": "[{\"added\": {}}]"}}, {"model": "admin.logentry", "pk": 38, "fields": {"action_time": "2022-06-18T09:03:29.270Z", "user": 10, "content_type": 10, "object_id": "6", "object_repr": "Шоколадное печенье. Автор: adminesrus", "action_flag": 2, "change_message": "[{\"added\": {\"name\": \"\\u0418\\u043d\\u0433\\u0440\\u0435\\u0434\\u0438\\u0435\\u043d\\u0442\", \"object\": \"50 \\u041a\\u0430\\u043a\\u0430\\u043e-\\u043f\\u043e\\u0440\\u043e\\u0448\\u043e\\u043a \\u0433\\u0440\\u0430\\u043c\\u043c\"}}]"}}, {"model": "admin.logentry", "pk": 39, "fields": {"action_time": "2022-06-18T09:05:28.881Z", "user": 10, "content_type": 9, "object_id": "12", "object_repr": "Куриные крылышки грамм", "action_flag": 1, "change_message": "[{\"added\": {}}]"}}, {"model": "admin.logentry", "pk": 40, "fields": {"action_time": "2022-06-18T09:05:49.981Z", "user": 10, "content_type": 9, "object_id": "13", "object_repr": "Соус терияки ст. ложки", "action_flag": 1, "change_message": "[{\"added\": {}}]"}}, {"model": "admin.logentry", "pk": 41, "fields": {"action_time": "2022-06-18T09:06:01.195Z", "user": 10, "content_type": 10, "object_id": "7", "object_repr": "Куриные крылья с овощами и соусом терияки (на сковороде). Автор: Nes", "action_flag": 1, "change_message": "[{\"added\": {}}]"}}, {"model": "admin.logentry", "pk": 42, "fields": {"action_time": "2022-06-18T09:06:21.365Z", "user": 10, "content_type": 10, "object_id": "7", "object_repr": "Куриные крылья с овощами и соусом терияки (на сковороде). Автор: Nes", "action_flag": 2, "change_message": "[{\"added\": {\"name\": \"\\u0418\\u043d\\u0433\\u0440\\u0435\\u0434\\u0438\\u0435\\u043d\\u0442\", \"object\": \"400 \\u041a\\u0443\\u0440\\u0438\\u043d\\u044b\\u0435 \\u043a\\u0440\\u044b\\u043b\\u044b\\u0448\\u043a\\u0438 \\u0433\\u0440\\u0430\\u043c\\u043c\"}}, {\"added\": {\"name\": \"\\u0418\\u043d\\u0433\\u0440\\u0435\\u0434\\u0438\\u0435\\u043d\\u0442\", \"object\": \"2 \\u0421\\u043e\\u0443\\u0441 \\u0442\\u0435\\u0440\\u0438\\u044f\\u043a\\u0438 \\u0441\\u0442. \\u043b\\u043e\\u0436\\u043a\\u0438\"}}]"}}, {"model": "admin.logentry", "pk": 43, "fields": {"action_time": "2022-06-18T09:09:50.705Z", "user": 10, "content_type": 9, "object_id": "14", "object_repr": "Свинина без косточки кг", "action_flag": 1, "change_message": "[{\"added\": {}}]"}}, {"model": "admin.logentry", "pk": 44, "fields": {"action_time": "2022-06-18T09:10:05.071Z", "user": 10, "content_type": 9, "object_id": "14", "object_repr": "Свинина без косточки грамм", "action_flag": 2, "change_message": "[{\"changed\": {\"fields\": [\"\\u0415\\u0434\\u0438\\u043d\\u0438\\u0446\\u044b \\u0438\\u0437\\u043c\\u0435\\u0440\\u0435\\u043d\\u0438\\u044f\"]}}]"}}, {"model": "admin.logentry", "pk": 45, "fields": {"action_time": "2022-06-18T09:11:21.638Z", "user": 10, "content_type": 10, "object_id": "8", "object_repr": "Слоеное жаркое. Автор: Pablos", "action_flag": 1, "change_message": "[{\"added\": {}}]"}}, {"model": "admin.logentry", "pk": 46, "fields": {"action_time": "2022-06-18T09:11:32.510Z", "user": 10, "content_type": 10, "object_id": "8", "object_repr": "Слоеное жаркое. Автор: Pablos", "action_flag": 2, "change_message": "[{\"added\": {\"name\": \"\\u0418\\u043d\\u0433\\u0440\\u0435\\u0434\\u0438\\u0435\\u043d\\u0442\", \"object\": \"500 \\u0421\\u0432\\u0438\\u043d\\u0438\\u043d\\u0430 \\u0431\\u0435\\u0437 \\u043a\\u043e\\u0441\\u0442\\u043e\\u0447\\u043a\\u0438 \\u0433\\u0440\\u0430\\u043c\\u043c\"}}]"}}, {"model": "admin.logentry", "pk": 47, "fields": {"action_time": "2022-06-18T09:12:28.420Z", "user": 10, "content_type": 9, "object_id": "15", "object_repr": "Сметана 20% грамм", "action_flag": 1, "change_message": "[{\"added\": {}}]"}}, {"model": "admin.logentry", "pk": 48, "fields": {"action_time": "2022-06-18T09:12:56.090Z", "user": 10, "content_type": 9, "object_id": "16", "object_repr": "Укроп свежий грамм", "action_flag": 1, "change_message": "[{\"added\": {}}]"}}, {"model": "admin.logentry", "pk": 49, "fields": {"action_time": "2022-06-18T09:14:08.195Z", "user": 10, "content_type": 10, "object_id": "9", "object_repr": "Соус ранч. Автор: Nser", "action_flag": 1, "change_message": "[{\"added\": {}}]"}}, {"model": "admin.logentry", "pk": 50, "fields": {"action_time": "2022-06-18T09:14:47.396Z", "user": 10, "content_type": 10, "object_id": "9", "object_repr": "Соус ранч. Автор: Nser", "action_flag": 2, "change_message": "[{\"added\": {\"name\": \"\\u0418\\u043d\\u0433\\u0440\\u0435\\u0434\\u0438\\u0435\\u043d\\u0442\", \"object\": \"10 \\u0423\\u043a\\u0440\\u043e\\u043f \\u0441\\u0432\\u0435\\u0436\\u0438\\u0439 \\u0433\\u0440\\u0430\\u043c\\u043c\"}}, {\"added\": {\"name\": \"\\u0418\\u043d\\u0433\\u0440\\u0435\\u0434\\u0438\\u0435\\u043d\\u0442\", \"object\": \"200 \\u0421\\u043c\\u0435\\u0442\\u0430\\u043d\\u0430 20% \\u0433\\u0440\\u0430\\u043c\\u043c\"}}]"}}, {"model": "admin.logentry", "pk": 51, "fields": {"action_time": "2022-06-18T09:18:26.520Z", "user": 10, "content_type": 10, "object_id": "10", "object_repr": "Мятное молоко. Автор: Pablos", "action_flag": 1, "change_message": "[{\"added\": {}}]"}}, {"model": "admin.logentry", "pk": 52, "fields": {"action_time": "2022-06-18T09:18:46.420Z", "user": 10, "content_type": 9, "object_id": "17", "object_repr": "Молоко грамм", "action_flag": 1, "change_message": "[{\"added\": {}}]"}}, {"model": "admin.logentry", "pk": 53, "fields": {"action_time": "2022-06-18T09:19:01.221Z", "user": 10, "content_type": 9, "object_id": "17", "object_repr": "Молоко мл", "action_flag": 2, "change_message": "[{\"changed\": {\"fields\": [\"\\u0415\\u0434\\u0438\\u043d\\u0438\\u0446\\u044b \\u0438\\u0437\\u043c\\u0435\\u0440\\u0435\\u043d\\u0438\\u044f\"]}}]"}}, {"model": "admin.logentry", "pk": 54, "fields": {"action_time": "2022-06-18T09:19:14.227Z", "user": 10, "content_type": 10, "object_id": "10", "object_repr": "Мятное молоко. Автор: Pablos", "action_flag": 2, "change_message": "[{\"added\": {\"name\": \"\\u0418\\u043d\\u0433\\u0440\\u0435\\u0434\\u0438\\u0435\\u043d\\u0442\", \"object\": \"500 \\u041c\\u043e\\u043b\\u043e\\u043a\\u043e \\u043c\\u043b\"}}]"}}, {"model": "admin.logentry", "pk": 55, "fields": {"action_time": "2022-06-18T09:19:28.337Z", "user": 10, "content_type": 9, "object_id": "18", "object_repr": "Мята свежая веточки", "action_flag": 1, "change_message": "[{\"added\": {}}]"}}, {"model": "admin.logentry", "pk": 56, "fields": {"action_time": "2022-06-18T09:19:40.124Z", "user": 10, "content_type": 10, "object_id": "10", "object_repr": "Мятное молоко. Автор: Pablos", "action_flag": 2, "change_message": "[{\"added\": {\"name\": \"\\u0418\\u043d\\u0433\\u0440\\u0435\\u0434\\u0438\\u0435\\u043d\\u0442\", \"object\": \"2 \\u041c\\u044f\\u0442\\u0430 \\u0441\\u0432\\u0435\\u0436\\u0430\\u044f \\u0432\\u0435\\u0442\\u043e\\u0447\\u043a\\u0438\"}}]"}}, {"model": "admin.logentry", "pk": 57, "fields": {"action_time": "2022-06-18T09:22:34.101Z", "user": 10, "content_type": 10, "object_id": "11", "object_repr": "Сырные булочки с помидорами и зелёным луком. Автор: Nses", "action_flag": 1, "change_message": "[{\"added\": {}}]"}}, {"model": "admin.logentry", "pk": 58, "fields": {"action_time": "2022-06-18T09:23:28.251Z", "user": 10, "content_type": 9, "object_id": "19", "object_repr": "Мука грамм", "action_flag": 1, "change_message": "[{\"added\": {}}]"}}, {"model": "admin.logentry", "pk": 59, "fields": {"action_time": "2022-06-18T09:23:46.540Z", "user": 10, "content_type": 9, "object_id": "20", "object_repr": "Сыр твёрдый грамм", "action_flag": 1, "change_message": "[{\"added\": {}}]"}}, {"model": "admin.logentry", "pk": 60, "fields": {"action_time": "2022-06-18T09:24:08.395Z", "user": 10, "content_type": 10, "object_id": "11", "object_repr": "Сырные булочки с помидорами и зелёным луком. Автор: Nses", "action_flag": 2, "change_message": "[{\"added\": {\"name\": \"\\u0418\\u043d\\u0433\\u0440\\u0435\\u0434\\u0438\\u0435\\u043d\\u0442\", \"object\": \"400 \\u041c\\u0443\\u043a\\u0430 \\u0433\\u0440\\u0430\\u043c\\u043c\"}}, {\"added\": {\"name\": \"\\u0418\\u043d\\u0433\\u0440\\u0435\\u0434\\u0438\\u0435\\u043d\\u0442\", \"object\": \"55 \\u0421\\u044b\\u0440 \\u0442\\u0432\\u0451\\u0440\\u0434\\u044b\\u0439 \\u0433\\u0440\\u0430\\u043c\\u043c\"}}]"}}, {"model": "admin.logentry", "pk": 61, "fields": {"action_time": "2022-06-18T09:26:31.364Z", "user": 10, "content_type": 10, "object_id": "12", "object_repr": "Панкейки (американские блинчики). Автор: Pablos", "action_flag": 1, "change_message": "[{\"added\": {}}]"}}, {"model": "admin.logentry", "pk": 62, "fields": {"action_time": "2022-06-18T09:26:52.704Z", "user": 10, "content_type": 9, "object_id": "21", "object_repr": "Яйца шт", "action_flag": 1, "change_message": "[{\"added\": {}}]"}}, {"model": "admin.logentry", "pk": 63, "fields": {"action_time": "2022-06-18T09:27:21.001Z", "user": 10, "content_type": 9, "object_id": "22", "object_repr": "Мука пшеничная ст. л", "action_flag": 1, "change_message": "[{\"added\": {}}]"}}, {"model": "admin.logentry", "pk": 64, "fields": {"action_time": "2022-06-18T09:27:56.595Z", "user": 10, "content_type": 10, "object_id": "12", "object_repr": "Панкейки (американские блинчики). Автор: Pablos", "action_flag": 2, "change_message": "[{\"added\": {\"name\": \"\\u0418\\u043d\\u0433\\u0440\\u0435\\u0434\\u0438\\u0435\\u043d\\u0442\", \"object\": \"2 \\u042f\\u0439\\u0446\\u0430 \\u0448\\u0442\"}}, {\"added\": {\"name\": \"\\u0418\\u043d\\u0433\\u0440\\u0435\\u0434\\u0438\\u0435\\u043d\\u0442\", \"object\": \"10 \\u041c\\u0443\\u043a\\u0430 \\u043f\\u0448\\u0435\\u043d\\u0438\\u0447\\u043d\\u0430\\u044f \\u0441\\u0442. \\u043b\"}}]"}}, {"model": "admin.logentry", "pk": 65, "fields": {"action_time": "2022-06-18T09:29:45.190Z", "user": 10, "content_type": 9, "object_id": "23", "object_repr": "Помидоры грамм", "action_flag": 1, "change_message": "[{\"added\": {}}]"}}, {"model": "admin.logentry", "pk": 66, "fields": {"action_time": "2022-06-18T09:29:59.260Z", "user": 10, "content_type": 9, "object_id": "24", "object_repr": "Огурцы грамм", "action_flag": 1, "change_message": "[{\"added\": {}}]"}}, {"model": "admin.logentry", "pk": 67, "fields": {"action_time": "2022-06-18T09:30:45.992Z", "user": 10, "content_type": 10, "object_id": "13", "object_repr": "Гаспачо (холодный томатный суп) с гренками. Автор: admin", "action_flag": 1, "change_message": "[{\"added\": {}}]"}}, {"model": "admin.logentry", "pk": 68, "fields": {"action_time": "2022-06-18T09:31:22.269Z", "user": 10, "content_type": 10, "object_id": "13", "object_repr": "Гаспачо (холодный томатный суп) с гренками. Автор: admin", "action_flag": 2, "change_message": "[{\"added\": {\"name\": \"\\u0418\\u043d\\u0433\\u0440\\u0435\\u0434\\u0438\\u0435\\u043d\\u0442\", \"object\": \"400 \\u041f\\u043e\\u043c\\u0438\\u0434\\u043e\\u0440\\u044b \\u0433\\u0440\\u0430\\u043c\\u043c\"}}, {\"added\": {\"name\": \"\\u0418\\u043d\\u0433\\u0440\\u0435\\u0434\\u0438\\u0435\\u043d\\u0442\", \"object\": \"120 \\u041e\\u0433\\u0443\\u0440\\u0446\\u044b \\u0433\\u0440\\u0430\\u043c\\u043c\"}}]"}}, {"model": "auth.permission", "pk": 1, "fields": {"name": "Can add log entry", "content_type": 1, "codename": "add_logentry"}}, {"model": "auth.permission", "pk": 2, "fields": {"name": "Can change log entry", "content_type": 1, "codename": "change_logentry"}}, {"model": "auth.permission", "pk": 3, "fields": {"name": "Can delete log entry", "content_type": 1, "codename": "delete_logentry"}}, {"model": "auth.permission", "pk": 4, "fields": {"name": "Can view log entry", "content_type": 1, "codename": "view_logentry"}}, {"model": "auth.permission", "pk": 5, "fields": {"name": "Can add permission", "content_type": 2, "codename": "add_permission"}}, {"model": "auth.permission", "pk": 6, "fields": {"name": "Can change permission", "content_type": 2, "codename": "change_permission"}}, {"model": "auth.permission", "pk": 7, "fields": {"name": "Can delete permission", "content_type": 2, "codename": "delete_permission"}}, {"model": "auth.permission", "pk": 8, "fields": {"name": "Can view permission", "content_type": 2, "codename": "view_permission"}}, {"model": "auth.permission", "pk": 9, "fields": {"name": "Can add group", "content_type": 3, "codename": "add_group"}}, {"model": "auth.permission", "pk": 10, "fields": {"name": "Can change group", "content_type": 3, "codename": "change_group"}}, {"model": "auth.permission", "pk": 11, "fields": {"name": "Can delete group", "content_type": 3, "codename": "delete_group"}}, {"model": "auth.permission", "pk": 12, "fields": {"name": "Can view group", "content_type": 3, "codename": "view_group"}}, {"model": "auth.permission", "pk": 13, "fields": {"name": "Can add content type", "content_type": 4, "codename": "add_contenttype"}}, {"model": "auth.permission", "pk": 14, "fields": {"name": "Can change content type", "content_type": 4, "codename": "change_contenttype"}}, {"model": "auth.permission", "pk": 15, "fields": {"name": "Can delete content type", "content_type": 4, "codename": "delete_contenttype"}}, {"model": "auth.permission", "pk": 16, "fields": {"name": "Can view content type", "content_type": 4, "codename": "view_contenttype"}}, {"model": "auth.permission", "pk": 17, "fields": {"name": "Can add session", "content_type": 5, "codename": "add_session"}}, {"model": "auth.permission", "pk": 18, "fields": {"name": "Can change session", "content_type": 5, "codename": "change_session"}}, {"model": "auth.permission", "pk": 19, "fields": {"name": "Can delete session", "content_type": 5, "codename": "delete_session"}}, {"model": "auth.permission", "pk": 20, "fields": {"name": "Can view session", "content_type": 5, "codename": "view_session"}}, {"model": "auth.permission", "pk": 21, "fields": {"name": "Can add Token", "content_type": 6, "codename": "add_token"}}, {"model": "auth.permission", "pk": 22, "fields": {"name": "Can change Token", "content_type": 6, "codename": "change_token"}}, {"model": "auth.permission", "pk": 23, "fields": {"name": "Can delete Token", "content_type": 6, "codename": "delete_token"}}, {"model": "auth.permission", "pk": 24, "fields": {"name": "Can view Token", "content_type": 6, "codename": "view_token"}}, {"model": "auth.permission", "pk": 25, "fields": {"name": "Can add token", "content_type": 7, "codename": "add_tokenproxy"}}, {"model": "auth.permission", "pk": 26, "fields": {"name": "Can change token", "content_type": 7, "codename": "change_tokenproxy"}}, {"model": "auth.permission", "pk": 27, "fields": {"name": "Can delete token", "content_type": 7, "codename": "delete_tokenproxy"}}, {"model": "auth.permission", "pk": 28, "fields": {"name": "Can view token", "content_type": 7, "codename": "view_tokenproxy"}}, {"model": "auth.permission", "pk": 29, "fields": {"name": "Can add Ингридиент", "content_type": 8, "codename": "add_amountingredient"}}, {"model": "auth.permission", "pk": 30, "fields": {"name": "Can change Ингридиент", "content_type": 8, "codename": "change_amountingredient"}}, {"model": "auth.permission", "pk": 31, "fields": {"name": "Can delete Ингридиент", "content_type": 8, "codename": "delete_amountingredient"}}, {"model": "auth.permission", "pk": 32, "fields": {"name": "Can view Ингридиент", "content_type": 8, "codename": "view_amountingredient"}}, {"model": "auth.permission", "pk": 33, "fields": {"name": "Can add Ингридиент", "content_type": 9, "codename": "add_ingredient"}}, {"model": "auth.permission", "pk": 34, "fields": {"name": "Can change Ингридиент", "content_type": 9, "codename": "change_ingredient"}}, {"model": "auth.permission", "pk": 35, "fields": {"name": "Can delete Ингридиент", "content_type": 9, "codename": "delete_ingredient"}}, {"model": "auth.permission", "pk": 36, "fields": {"name": "Can view Ингридиент", "content_type": 9, "codename": "view_ingredient"}}, {"model": "auth.permission", "pk": 37, "fields": {"name": "Can add Рецепт", "content_type": 10, "codename": "add_recipe"}}, {"model": "auth.permission", "pk": 38, "fields": {"name": "Can change Рецепт", "content_type": 10, "codename": "change_recipe"}}, {"model": "auth.permission", "pk": 39, "fields": {"name": "Can delete Рецепт", "content_type": 10, "codename": "delete_recipe"}}, {"model": "auth.permission", "pk": 40, "fields": {"name": "Can view Рецепт", "content_type": 10, "codename": "view_recipe"}}, {"model": "auth.permission", "pk": 41, "fields": {"name": "Can add Тэг", "content_type": 11, "codename": "add_tag"}}, {"model": "auth.permission", "pk": 42, "fields": {"name": "Can change Тэг", "content_type": 11, "codename": "change_tag"}}, {"model": "auth.permission", "pk": 43, "fields": {"name": "Can delete Тэг", "content_type": 11, "codename": "delete_tag"}}, {"model": "auth.permission", "pk": 44, "fields": {"name": "Can view Тэг", "content_type": 11, "codename": "view_tag"}}, {"model": "auth.permission", "pk": 45, "fields": {"name": "Can add Пользователь", "content_type": 12, "codename": "add_users"}}, {"model": "auth.permission", "pk": 46, "fields": {"name": "Can change Пользователь", "content_type": 12, "codename": "change_users"}}, {"model": "auth.permission", "pk": 47, "fields": {"name": "Can delete Пользователь", "content_type": 12, "codename": "delete_users"}}, {"model": "auth.permission", "pk": 48, "fields": {"name": "Can view Пользователь", "content_type": 12, "codename": "view_users"}}, {"model": "auth.group", "pk": 1, "fields": {"name": "Пабло", "permissions": [1, 2, 3, 4, 9, 10, 11, 12, 5, 6, 7, 8, 21, 22, 23, 24, 25, 26, 27, 28, 13, 14, 15, 16, 29, 30, 31, 32, 33, 34, 35, 36, 37, 38, 39, 40, 41, 42, 43, 44, 17, 18, 19, 20, 45, 46, 47, 48]}}, {"model": "contenttypes.contenttype", "pk": 1, "fields": {"app_label": "admin", "model": "logentry"}}, {"model": "contenttypes.contenttype", "pk": 2, "fields": {"app_label": "auth", "model": "permission"}}, {"model": "contenttypes.contenttype", "pk": 3, "fields": {"app_label": "auth", "model": "group"}}, {"model": "contenttypes.contenttype", "pk": 4, "fields": {"app_label": "contenttypes", "model": "contenttype"}}, {"model": "contenttypes.contenttype", "pk": 5, "fields": {"app_label": "sessions", "model": "session"}}, {"model": "contenttypes.contenttype", "pk": 6, "fields": {"app_label": "authtoken", "model": "token"}}, {"model": "contenttypes.contenttype", "pk": 7, "fields": {"app_label": "authtoken", "model": "tokenproxy"}}, {"model": "contenttypes.contenttype", "pk": 8, "fields": {"app_label": "recipes", "model": "amountingredient"}}, {"model": "contenttypes.contenttype", "pk": 9, "fields": {"app_label": "recipes", "model": "ingredient"}}, {"model": "contenttypes.contenttype", "pk": 10, "fields": {"app_label": "recipes", "model": "recipe"}}, {"model": "contenttypes.contenttype", "pk": 11, "fields": {"app_label": "recipes", "model": "tag"}}, {"model": "contenttypes.contenttype", "pk": 12, "fields": {"app_label": "users", "model": "users"}}, {"model": "sessions.session", "pk": "sgdy79p8oaolwwf4fxu6mvfxwbiw7cl7", "fields": {"session_data": ".eJxVjDsOwjAQBe_iGlleZ-MPJX3OYK3XaxxAiZRPhbg7ipQC2jcz760S7VtL-ypLGou6KjDq8jtm4qdMBykPmu6z5nnaljHrQ9EnXfUwF3ndTvfvoNHajtobxsgVXSUTglhrDXYcEKSwI5-deKzUA8fYdx6M723G6ACCODCoPl_7qjcV:1nz2lz:ZjW9nx4qTy3hceta14TzKgsVuamWACcCcBlSYddTDx0", "expire_date": "2022-06-22T20:59:27.914Z"}}, {"model": "authtoken.token", "pk": "436eefb640c4a5f7b091ac8fd13587a64d3a721f", "fields": {"user": 2, "created": "2022-06-08T00:51:06.677Z"}}, {"model": "recipes.tag", "pk": 1, "fields": {"name": "Обед", "color": "FF0000", "slug": "Obed"}}, {"model": "recipes.tag", "pk": 2, "fields": {"name": "Ужин", "color": "FFFFE0", "slug": "dinner"}}, {"model": "recipes.tag", "pk": 3, "fields": {"name": "Завтрак", "color": "20B2AA", "slug": "Breakfast"}}, {"model": "recipes.tag", "pk": 4, "fields": {"name": "Лёгкая Пища", "color": "FFFF00", "slug": "Light food"}}, {"model": "recipes.ingredient", "pk": 1, "fields": {"name": "Соль", "measurement_unit": "граммы"}}, {"model": "recipes.ingredient", "pk": 2, "fields": {"name": "Говядина", "measurement_unit": "грамм"}}, {"model": "recipes.ingredient", "pk": 3, "fields": {"name": "Спагетти", "measurement_unit": "грамм"}}, {"model": "recipes.ingredient", "pk": 4, "fields": {"name": "Рис", "measurement_unit": "грамм"}}, {"model": "recipes.ingredient", "pk": 5, "fields": {"name": "Яблоки", "measurement_unit": "шт"}}, {"model": "recipes.ingredient", "pk": 6, "fields": {"name": "Молоко охлажденное", "measurement_unit": "мл"}}, {"model": "recipes.ingredient", "pk": 7, "fields": {"name": "Кофе эспрессо, мелкого помола, темной обжарки", "measurement_unit": "грамм"}}, {"model": "recipes.ingredient", "pk": 8, "fields": {"name": "Свинина", "measurement_unit": "кг"}}, {"model": "recipes.ingredient", "pk": 9, "fields": {"name": "Лук репчатый маленький", "measurement_unit": "шт"}}, {"model": "recipes.ingredient", "pk": 10, "fields": {"name": "Перец молотый", "measurement_unit": "ч. л."}}, {"model": "recipes.ingredient", "pk": 11, "fields": {"name": "Какао-порошок", "measurement_unit": "грамм"}}, {"model": "recipes.ingredient", "pk": 12, "fields": {"name": "Куриные крылышки", "measurement_unit": "грамм"}}, {"model": "recipes.ingredient", "pk": 13, "fields": {"name": "Соус терияки", "measurement_unit": "ст. ложки"}}, {"model": "recipes.ingredient", "pk": 14, "fields": {"name": "Свинина без косточки", "measurement_unit": "грамм"}}, {"model": "recipes.ingredient", "pk": 15, "fields": {"name": "Сметана 20%", "measurement_unit": "грамм"}}, {"model": "recipes.ingredient", "pk": 16, "fields": {"name": "Укроп свежий", "measurement_unit": "грамм"}}, {"model": "recipes.ingredient", "pk": 17, "fields": {"name": "Молоко", "measurement_unit": "мл"}}, {"model": "recipes.ingredient", "pk": 18, "fields": {"name": "Мята свежая", "measurement_unit": "веточки"}}, {"model": "recipes.ingredient", "pk": 19, "fields": {"name": "Мука", "measurement_unit": "грамм"}}, {"model": "recipes.ingredient", "pk": 20, "fields": {"name": "Сыр твёрдый", "measurement_unit": "грамм"}}, {"model": "recipes.ingredient", "pk": 21, "fields": {"name": "Яйца", "measurement_unit": "шт"}}, {"model": "recipes.ingredient", "pk": 22, "fields": {"name": "Мука пшеничная", "measurement_unit": "ст. л"}}, {"model": "recipes.ingredient", "pk": 23, "fields": {"name": "Помидоры", "measurement_unit": "грамм"}}, {"model": "recipes.ingredient", "pk": 24, "fields": {"name": "Огурцы", "measurement_unit": "грамм"}}, {"model": "recipes.recipe", "pk": 1, "fields": {"name": "Карбонара", "author": 11, "pub_date": "2022-06-08T21:11:24.686Z", "image": "recipe_images/s12001.jpg", "text": "Паста карбонара - самая популярная итальянская паста в мире. Секрет её популярности не только в доступности ингредиентов и времени приготовления. Главное, это неповторимый вкус - сливочный и нежный, хотя настоящая паста карбонара готовится без сливок. Важно соблюдать рецепт приготовления, чтобы получился правильный соус.", "cooking_time": 30, "favorite": [], "tags": [3, 4], "cart": []}}, {"model": "recipes.recipe", "pk": 2, "fields": {"name": "Борщ с говядиной", "author": 11, "pub_date": "2022-06-16T10:10:12.684Z", "image": "recipe_images/e010da19132e427bdf1ff9ee8a0d96dfb4345054.jpg", "text": "Вкусный красный борщ с говядиной приготовить очень легко.", "cooking_time": 30, "favorite": [], "tags": [1], "cart": []}}, {"model": "recipes.recipe", "pk": 3, "fields": {"name": "Молочная рисовая каша с яблоками", "author": 1, "pub_date": "2022-06-16T10:29:58.280Z", "image": "recipe_images/изображение_2022-06-16_132948113.png", "text": "Интересный рецепт рисовой каши - с добавлением тёртых яблок. Привычная рисовая каша на молоке готовится простым, но весьма оригинальным способом, что делает кашу не только молочной, но и по-настоящему яблочной. Несложный и очень вкусный завтрак!", "cooking_time": 10, "favorite": [], "tags": [3], "cart": []}}, {"model": "recipes.recipe", "pk": 4, "fields": {"name": "Капучино (Cappuccino)", "author": 2, "pub_date": "2022-06-16T10:35:18.820Z", "image": "recipe_images/изображение_2022-06-16_133430901.png", "text": "Чашечка горячего, ароматного кофе в холодный зимний день — очень приятная вещь. Классический рецепт напитка — из кофе эспрессо и молочной пенки. Для приготовления капучино понадобится кофе-машина.", "cooking_time": 5, "favorite": [11], "tags": [4], "cart": [11]}}, {"model": "recipes.recipe", "pk": 5, "fields": {"name": "Шашлык из свинины", "author": 9, "pub_date": "2022-06-16T10:41:36.126Z", "image": "recipe_images/изображение_2022-06-16_134133756.png", "text": "Отличный способ замариновать свинину, чтобы она осталась сочной даже после томления на углях.", "cooking_time": 20, "favorite": [11], "tags": [1, 2], "cart": [11]}}, {"model": "recipes.recipe", "pk": 6, "fields": {"name": "Шоколадное печенье", "author": 10, "pub_date": "2022-06-18T09:03:18.409Z", "image": "recipe_images/изображение_2022-06-18_120205438.png", "text": "Мегашоколадное и мегавкусное печенье! ;)", "cooking_time": 10, "favorite": [], "tags": [4], "cart": []}}, {"model": "recipes.recipe", "pk": 7, "fields": {"name": "Куриные крылья с овощами и соусом терияки (на сковороде)", "author": 1, "pub_date": "2022-06-18T09:06:01.189Z", "image": "recipe_images/изображение_2022-06-18_120441629.png", "text": "Жареные куриные крылышки с помидорами, луком и сладким перцем, маринованные с пряностями и соусом терияки, – оригинальное блюдо из мяса птицы. Куриные крылья сперва обжариваются, а затем соединяются с овощами и маринуются с добавлением уксуса и соуса терияки. Благодаря чесноку и пряностям блюдо получается довольно пикантным.", "cooking_time": 40, "favorite": [], "tags": [1, 2], "cart": []}}, {"model": "recipes.recipe", "pk": 8, "fields": {"name": "Слоеное жаркое", "author": 11, "pub_date": "2022-06-18T09:11:21.634Z", "image": "recipe_images/изображение_2022-06-18_121119130.png", "text": "Хорошее второе блюдо с мясом и грибами. Подавать лучше в той посуде, что готовилось.", "cooking_time": 500, "favorite": [], "tags": [1, 2], "cart": []}}, {"model": "recipes.recipe", "pk": 9, "fields": {"name": "Соус ранч", "author": 2, "pub_date": "2022-06-18T09:14:08.191Z", "image": "recipe_images/изображение_2022-06-18_121406645.png", "text": "Соус ранч - это один из самых популярных соусов американской кухни. Его вкус настолько универсален, что у себя на родине соус используется не только как дополнение к закускам, таким как чипсы и нагетсы, но этим соусом также заправляют овощные салаты, его подают к блюдам из рыбы и мяса, используют при запекании разнообразных блюд, а также делают с ним бургеры. Рекомендую приготовить универсальный соус ранч по предложенному мной рецепту. Приятного аппетита!", "cooking_time": 15, "favorite": [], "tags": [4], "cart": []}}, {"model": "recipes.recipe", "pk": 10, "fields": {"name": "Мятное молоко", "author": 11, "pub_date": "2022-06-18T09:18:26.515Z", "image": "recipe_images/изображение_2022-06-18_121757340.png", "text": "+33... Обжигающая, тягучая, липкая жара... Не то что готовить - на кухню лишний раз заходить не хочется. Разве что минут на пять. Ровно столько времени понадобится, чтобы приготовить чудесный летний напиток: холодное, освежающее и неизменно поднимающее настроение мятное молоко. :)", "cooking_time": 25, "favorite": [], "tags": [4], "cart": []}}, {"model": "recipes.recipe", "pk": 11, "fields": {"name": "Сырные булочки с помидорами и зелёным луком", "author": 9, "pub_date": "2022-06-18T09:22:34.097Z", "image": "recipe_images/изображение_2022-06-18_122203032.png", "text": "Давно хотели показать вам этот рецепт сырных булочек с хрустящей корочкой! Тесто просто блеск, универсальное, всегда мягкое как пух! Можно попробовать разные начинки. Сегодня начинка сборная: сыр, зеленый лук, помидоры и майонез. Смотрите и готовьте на здоровье! Готовим специально для вас!", "cooking_time": 35, "favorite": [], "tags": [1, 2], "cart": []}}, {"model": "recipes.recipe", "pk": 12, "fields": {"name": "Панкейки (американские блинчики)", "author": 11, "pub_date": "2022-06-18T09:26:31.360Z", "image": "recipe_images/изображение_2022-06-18_122627232.png", "text": "Мягкие, сладкие, вкусные американские блинчики, которые еще называют панкейки (pancakes), отлично сочетаются с медом. Панкейки понравятся и взрослым, и детям. Блинчики на молоке станут отличным завтраком.", "cooking_time": 20, "favorite": [], "tags": [3, 4, 2], "cart": []}}, {"model": "recipes.recipe", "pk": 13, "fields": {"name": "Гаспачо (холодный томатный суп) с гренками", "author": 3, "pub_date": "2022-06-18T09:30:45.987Z", "image": "recipe_images/изображение_2022-06-18_123040952.png", "text": "Готовим сегодня гаспачо (холодный томатный суп), который прекрасно подходит для жарких летних дней. Основа супа - протёртые помидоры. Главное, выбрать самые спелые и сочные помидоры, от этого будет зависеть вкус блюда. Лёгкий овощной суп - прекрасная альтернатива окрошке. Подавать такой суп лучше всего с обжаренными на растительном масле кубиками хлеба.", "cooking_time": 30, "favorite": [], "tags": [1], "cart": []}}, {"model": "recipes.amountingredient", "pk": 2, "fields": {"recipe": 2, "ingredients": 2, "amount": 500}}, {"model": "recipes.amountingredient", "pk": 3, "fields": {"recipe": 2, "ingredients": 1, "amount": 2}}, {"model": "recipes.amountingredient", "pk": 4, "fields": {"recipe": 1, "ingredients": 3, "amount": 400}}, {"model": "recipes.amountingredient", "pk": 5, "fields": {"recipe": 3, "ingredients": 4, "amount": 400}}, {"model": "recipes.amountingredient", "pk": 6, "fields": {"recipe": 3, "ingredients": 5, "amount": 2}}, {"model": "recipes.amountingredient", "pk": 7, "fields": {"recipe": 4, "ingredients": 7, "amount": 15}}, {"model": "recipes.amountingredient", "pk": 8, "fields": {"recipe": 4, "ingredients": 6, "amount": 200}}, {"model": "recipes.amountingredient", "pk": 9, "fields": {"recipe": 5, "ingredients": 8, "amount": 2}}, {"model": "recipes.amountingredient", "pk": 10, "fields": {"recipe": 5, "ingredients": 10, "amount": 2}}, {"model": "recipes.amountingredient", "pk": 11, "fields": {"recipe": 6, "ingredients": 11, "amount": 50}}, {"model": "recipes.amountingredient", "pk": 12, "fields": {"recipe": 7, "ingredients": 12, "amount": 400}}, {"model": "recipes.amountingredient", "pk": 13, "fields": {"recipe": 7, "ingredients": 13, "amount": 2}}, {"model": "recipes.amountingredient", "pk": 14, "fields": {"recipe": 8, "ingredients": 14, "amount": 500}}, {"model": "recipes.amountingredient", "pk": 15, "fields": {"recipe": 9, "ingredients": 16, "amount": 10}}, {"model": "recipes.amountingredient", "pk": 16, "fields": {"recipe": 9, "ingredients": 15, "amount": 200}}, {"model": "recipes.amountingredient", "pk": 17, "fields": {"recipe": 10, "ingredients": 17, "amount": 500}}, {"model": "recipes.amountingredient", "pk": 18, "fields": {"recipe": 10, "ingredients": 18, "amount": 2}}, {"model": "recipes.amountingredient", "pk": 19, "fields": {"recipe": 11, "ingredients": 19, "amount": 400}}, {"model": "recipes.amountingredient", "pk": 20, "fields": {"recipe": 11, "ingredients": 20, "amount": 55}}, {"model": "recipes.amountingredient", "pk": 21, "fields": {"recipe": 12, "ingredients": 21, "amount": 2}}, {"model": "recipes.amountingredient", "pk": 22, "fields": {"recipe": 12, "ingredients": 22, "amount": 10}}, {"model": "recipes.amountingredient", "pk": 23, "fields": {"recipe": 13, "ingredients": 23, "amount": 400}}, {"model": "recipes.amountingredient", "pk": 24, "fields": {"recipe": 13, "ingredients": 24, "amount": 120}}, {"model": "users.users", "pk": 1, "fields": {"last_login": "2022-06-07T21:28:05.611Z", "is_superuser": false, "is_staff": false, "is_active": true, "date_joined": "2022-06-07T21:27:58.047Z", "email": "riki.kizh@yandex.ru", "username": "Nes", "first_name": "Nes", "last_name": "Kula", "password": "pbkdf2_sha256$320000$3LCW7NbOjUsslRsv9zR1Vk$0wxra2Jf1HXGkQeQ1vNQPp9p+0d5t9FgnbsY7w5Zszk=", "groups": [], "user_permissions": [], "subscribe": []}}, {"model": "users.users", "pk": 2, "fields": {"last_login": "2022-06-08T00:51:06.682Z", "is_superuser": false, "is_staff": false, "is_active": true, "date_joined": "2022-06-08T00:50:55.241Z", "email": "tuda_@mail.ru", "username": "Nser", "first_name": "Sia", "last_name": "Kula", "password": "pbkdf2_sha256$320000$iVb3lHdppqCo5qqgQwznhJ$dgSx7URrnikyYWaWMD4GK1jj0qu47pQBzMpxfWHY0+o=", "groups": [], "user_permissions": [], "subscribe": []}}, {"model": "users.users", "pk": 3, "fields": {"last_login": null, "is_superuser": true, "is_staff": true, "is_active": true, "date_joined": "2022-06-08T01:08:57.582Z", "email": "riki@yadnex.ru", "username": "admin", "first_name": "", "last_name": "", "password": "pbkdf2_sha256$320000$uMyW0k199IaRDfA3cdER1o$UsEn90WUQl1zuXJQGSVh+1ZU/wwvrETjxnMAmuSgIX8=", "groups": [], "user_permissions": [], "subscribe": []}}, {"model": "users.users", "pk": 6, "fields": {"last_login": null, "is_superuser": true, "is_staff": true, "is_active": true, "date_joined": "2022-06-08T01:16:18.572Z", "email": "tuda@mail.ru", "username": "ines", "first_name": "", "last_name": "", "password": "pbkdf2_sha256$320000$mRdcft4eiTKyskRz8ezCNk$f+eTzUEF70wz6OuosModhoQIbL3dnyKd1+PdkvGx1UE=", "groups": [], "user_permissions": [], "subscribe": []}}, {"model": "users.users", "pk": 7, "fields": {"last_login": null, "is_superuser": true, "is_staff": true, "is_active": true, "date_joined": "2022-06-08T01:19:23.618Z", "email": "kuda@mail.ru", "username": "adminNS", "first_name": "", "last_name": "", "password": "pbkdf2_sha256$320000$B54KKFloFaUGpt6gaLWoWm$G1kGhAlsS3fM9pBXbAZMTwBd+meouGrzpX2hjWsWFTY=", "groups": [], "user_permissions": [], "subscribe": []}}, {"model": "users.users", "pk": 8, "fields": {"last_login": null, "is_superuser": true, "is_staff": true, "is_active": true, "date_joined": "2022-06-08T01:41:19.602Z", "email": "nutam@mail.ru", "username": "adminesr", "first_name": "", "last_name": "", "password": "pbkdf2_sha256$320000$at8DDQbeGiSgct3rHLUCxb$Tn6fqiDL4oe9hi3AmFltFDdpSHNQpBoScKaWPqVrD48=", "groups": [], "user_permissions": [], "subscribe": []}}, {"model": "users.users", "pk": 9, "fields": {"last_login": "2022-06-08T02:16:35.797Z", "is_superuser": false, "is_staff": false, "is_active": true, "date_joined": "2022-06-08T02:16:29.534Z", "email": "tuda_01@yandex.ru", "username": "Nses", "first_name": "nessi", "last_name": "Ile", "password": "pbkdf2_sha256$320000$kTrmOdb18XTh2ELx6cOqWj$yqL6Hl1d4tR0L73ZjjyBRIqC28NLQZbvdhC3/OcERMA=", "groups": [], "user_permissions": [], "subscribe": []}}, {"model": "users.users", "pk": 10, "fields": {"last_login": "2022-06-08T20:59:27.906Z", "is_superuser": true, "is_staff": true, "is_active": true, "date_joined": "2022-06-08T20:08:57.518Z", "email": "tupik@mail.ru", "username": "adminesrus", "first_name": "", "last_name": "", "password": "pbkdf2_sha256$320000$57kCqYYQTXCANUhXKppnE1$3QszHMUFjHp7ynt3CCL23qVA44ts6nZr3EPh5S/TVWI=", "groups": [], "user_permissions": [], "subscribe": []}}, {"model": "users.users", "pk": 11, "fields": {"last_login": "2022-06-08T21:05:25.159Z", "is_superuser": false, "is_staff": false, "is_active": true, "date_joined": "2022-06-08T21:05:08.467Z", "email": "tuda_08@yandex.ru", "username": "Pablos", "first_name": "Пабло", "last_name": "Эксальионе", "password": "pbkdf2_sha256$320000$93Z1mqR62qAV83yxdEbeSy$lADFWKt5VwrHm9/GHQbZwjA3LZ0FUCxE+z5LxUVFhdw=", "groups": [], "user_permissions": [], "subscribe": []}}]